{
  "best_global_step": null,
  "best_metric": null,
  "best_model_checkpoint": null,
  "epoch": 0.06666666666666667,
  "eval_steps": 500,
  "global_step": 100,
  "is_hyper_param_search": false,
  "is_local_process_zero": true,
  "is_world_process_zero": true,
  "log_history": [
    {
      "clip_ratio/high_max": 0.0,
      "clip_ratio/high_mean": 0.0,
      "clip_ratio/low_mean": 0.0,
      "clip_ratio/low_min": 0.0,
      "clip_ratio/region_mean": 0.0,
      "completions/clipped_ratio": 0.4,
      "completions/max_length": 80.0,
      "completions/max_terminated_length": 72.0,
      "completions/mean_length": 57.20625,
      "completions/mean_terminated_length": 42.37890205383301,
      "completions/min_length": 15.0,
      "completions/min_terminated_length": 15.0,
      "entropy": 2.096811370924115,
      "epoch": 0.006666666666666667,
      "frac_reward_zero_std": 0.0,
      "grad_norm": 0.19802865386009216,
      "kl": 0.0015000697874711477,
      "learning_rate": 4.85e-05,
      "loss": -0.03016400635242462,
      "num_tokens": 16369.0,
      "reward": 0.4347497045993805,
      "reward_std": 0.25756052173674104,
      "rewards/reward_correctness/mean": 0.18999999947845936,
      "rewards/reward_correctness/std": 0.2542246446013451,
      "rewards/reward_no_repetition/mean": -0.0037002032971940936,
      "rewards/reward_no_repetition/std": 0.01037773077841848,
      "rewards/reward_vocab/mean": 0.2484498977661133,
      "rewards/reward_vocab/std": 0.04217489715665579,
      "step": 10,
      "step_time": 18.800841080007377
    },
    {
      "clip_ratio/high_max": 0.0,
      "clip_ratio/high_mean": 0.0,
      "clip_ratio/low_mean": 0.0,
      "clip_ratio/low_min": 0.0,
      "clip_ratio/region_mean": 0.0,
      "completions/clipped_ratio": 0.4875,
      "completions/max_length": 80.0,
      "completions/max_terminated_length": 71.3,
      "completions/mean_length": 61.325,
      "completions/mean_terminated_length": 44.98848648071289,
      "completions/min_length": 18.7,
      "completions/min_terminated_length": 18.7,
      "entropy": 2.452808407321572,
      "epoch": 0.013333333333333334,
      "frac_reward_zero_std": 0.0,
      "grad_norm": 0.2647930979728699,
      "kl": 0.0017334982895249595,
      "learning_rate": 4.683333333333334e-05,
      "loss": -0.04545334875583649,
      "num_tokens": 33373.0,
      "reward": 0.32880742847919464,
      "reward_std": 0.11649778168648481,
      "rewards/reward_correctness/mean": 0.0750000026077032,
      "rewards/reward_correctness/std": 0.09351322799921036,
      "rewards/reward_no_repetition/mean": -0.002201648964546621,
      "rewards/reward_no_repetition/std": 0.006076589343138039,
      "rewards/reward_vocab/mean": 0.2560090750455856,
      "rewards/reward_vocab/std": 0.042701668478548525,
      "step": 20,
      "step_time": 16.449561579996953
    },
    {
      "clip_ratio/high_max": 0.0,
      "clip_ratio/high_mean": 0.0,
      "clip_ratio/low_mean": 0.0,
      "clip_ratio/low_min": 0.0,
      "clip_ratio/region_mean": 0.0,
      "completions/clipped_ratio": 0.475,
      "completions/max_length": 80.0,
      "completions/max_terminated_length": 68.6,
      "completions/mean_length": 61.6,
      "completions/mean_terminated_length": 45.71151580810547,
      "completions/min_length": 15.2,
      "completions/min_terminated_length": 15.2,
      "entropy": 2.258884470537305,
      "epoch": 0.02,
      "frac_reward_zero_std": 0.0,
      "grad_norm": 0.20674042403697968,
      "kl": 0.001831856498392881,
      "learning_rate": 4.516666666666667e-05,
      "loss": -0.05670111179351807,
      "num_tokens": 50293.0,
      "reward": 0.3051223859190941,
      "reward_std": 0.15773348845541477,
      "rewards/reward_correctness/mean": 0.06000000052154064,
      "rewards/reward_correctness/std": 0.12139938026666641,
      "rewards/reward_no_repetition/mean": -0.003961157466983422,
      "rewards/reward_no_repetition/std": 0.0090147236129269,
      "rewards/reward_vocab/mean": 0.24908354729413987,
      "rewards/reward_vocab/std": 0.05131583623588085,
      "step": 30,
      "step_time": 16.93543436000764
    },
    {
      "clip_ratio/high_max": 0.0,
      "clip_ratio/high_mean": 0.0,
      "clip_ratio/low_mean": 0.0,
      "clip_ratio/low_min": 0.0,
      "clip_ratio/region_mean": 0.0,
      "completions/clipped_ratio": 0.4125,
      "completions/max_length": 80.0,
      "completions/max_terminated_length": 71.7,
      "completions/mean_length": 59.78125,
      "completions/mean_terminated_length": 45.92148361206055,
      "completions/min_length": 20.8,
      "completions/min_terminated_length": 20.8,
      "entropy": 2.1682673625648023,
      "epoch": 0.02666666666666667,
      "frac_reward_zero_std": 0.0,
      "grad_norm": 0.18401513993740082,
      "kl": 0.0017739530471317267,
      "learning_rate": 4.35e-05,
      "loss": 0.05146012306213379,
      "num_tokens": 67250.0,
      "reward": 0.3158095687627792,
      "reward_std": 0.142096895724535,
      "rewards/reward_correctness/mean": 0.05500000081956387,
      "rewards/reward_correctness/std": 0.11787132173776627,
      "rewards/reward_no_repetition/mean": -0.005371203238610178,
      "rewards/reward_no_repetition/std": 0.014506911253556609,
      "rewards/reward_vocab/mean": 0.2661807745695114,
      "rewards/reward_vocab/std": 0.03530409466475248,
      "step": 40,
      "step_time": 16.667506710006272
    },
    {
      "clip_ratio/high_max": 0.0,
      "clip_ratio/high_mean": 0.0,
      "clip_ratio/low_mean": 0.0,
      "clip_ratio/low_min": 0.0,
      "clip_ratio/region_mean": 0.0,
      "completions/clipped_ratio": 0.49375,
      "completions/max_length": 80.0,
      "completions/max_terminated_length": 74.6,
      "completions/mean_length": 64.75625,
      "completions/mean_terminated_length": 50.8828311920166,
      "completions/min_length": 27.6,
      "completions/min_terminated_length": 27.6,
      "entropy": 2.3053229562938213,
      "epoch": 0.03333333333333333,
      "frac_reward_zero_std": 0.0,
      "grad_norm": 0.22323472797870636,
      "kl": 0.001940795988048194,
      "learning_rate": 4.183333333333334e-05,
      "loss": 0.017042870819568633,
      "num_tokens": 84923.0,
      "reward": 0.40230212211608884,
      "reward_std": 0.17529192380607128,
      "rewards/reward_correctness/mean": 0.15500000081956386,
      "rewards/reward_correctness/std": 0.15960891246795655,
      "rewards/reward_no_repetition/mean": -0.003682000597473234,
      "rewards/reward_no_repetition/std": 0.007460385328158736,
      "rewards/reward_vocab/mean": 0.25098412185907365,
      "rewards/reward_vocab/std": 0.03075492549687624,
      "step": 50,
      "step_time": 16.615573209981086
    },
    {
      "clip_ratio/high_max": 0.0,
      "clip_ratio/high_mean": 0.0,
      "clip_ratio/low_mean": 0.0,
      "clip_ratio/low_min": 0.0,
      "clip_ratio/region_mean": 0.0,
      "completions/clipped_ratio": 0.51875,
      "completions/max_length": 80.0,
      "completions/max_terminated_length": 70.2,
      "completions/mean_length": 62.51875,
      "completions/mean_terminated_length": 45.49996070861816,
      "completions/min_length": 19.7,
      "completions/min_terminated_length": 19.7,
      "entropy": 2.2506246864795685,
      "epoch": 0.04,
      "frac_reward_zero_std": 0.0,
      "grad_norm": 0.22857245802879333,
      "kl": 0.0020742447451993938,
      "learning_rate": 4.016666666666667e-05,
      "loss": -0.048591673374176025,
      "num_tokens": 101974.0,
      "reward": 0.39551512748003004,
      "reward_std": 0.2418455470353365,
      "rewards/reward_correctness/mean": 0.1550000049173832,
      "rewards/reward_correctness/std": 0.22117901146411895,
      "rewards/reward_no_repetition/mean": -0.0041703373659402136,
      "rewards/reward_no_repetition/std": 0.00921402603853494,
      "rewards/reward_vocab/mean": 0.24468546658754348,
      "rewards/reward_vocab/std": 0.03946635667234659,
      "step": 60,