{
  "beginner": {
    "dataset": {
      "mean": 16.357957072781442,
      "std": 148.68287041207415,
      "min": -249.78095846704898,
      "max": 312.30078642891283,
      "solved_pct": 18.2
    },
    "ppo": {
      "mean": 25.739039026367372,
      "std": 166.51420841074054,
      "min": -183.95649346107604,
      "max": 268.01497998043544,
      "solved_pct": 35.0
    },
    "dt": {
      "mean": 2.553496414792545,
      "std": 151.95096274218756,
      "min": -197.19636700206843,
      "max": 254.6302676247961,
      "solved_pct": 25.0
    }
  },
  "intermediate": {
    "dataset": {
      "mean": 235.1337834278475,
      "std": 58.299371118490484,
      "min": -63.22281376633775,
      "max": 306.12338622563794,
      "solved_pct": 91.7
    },
    "ppo": {
      "mean": 255.27314907730906,
      "std": 22.47914947420488,
      "min": 227.17711336853793,
      "max": 304.9086201586582,
      "solved_pct": 100.0
    },
    "dt": {
      "mean": 253.6498118711615,
      "std": 22.984474839230977,
      "min": 223.04996860869988,
      "max": 304.292324319665,
      "solved_pct": 100.0
    }
  },
  "expert": {
    "dataset": {
      "mean": 266.4525337709493,
      "std": 20.02682529499461,
      "min": 72.86791373211278,
      "max": 311.10293929050357,
      "solved_pct": 99.9
    },
    "ppo": {
      "mean": 266.98315279401356,
      "std": 21.652992622739763,
      "min": 232.5768885789356,
      "max": 309.9975744741977,
      "solved_pct": 100.0
    },
    "dt": {
      "mean": 264.2246571034162,
      "std": 22.932688740703302,
      "min": 220.67083210853372,
      "max": 303.7313908642838,
      "solved_pct": 100.0
    }
  }
}