{
  "beginner": {
    "dataset": {
      "mean": 16.357957072781442,
      "std": 148.68287041207415,
      "min": -249.78095846704898,
      "max": 312.30078642891283,
      "solved_pct": 18.2
    },
    "ppo": {
      "mean": 22.514013010089446,
      "std": 156.58226951137115,
      "min": -183.95649346107604,
      "max": 268.01497998043544,
      "solved_pct": 26.0
    },
    "dt": {
      "mean": 14.549446424793715,
      "std": 149.20709844592523,
      "min": -197.19636700206843,
      "max": 269.9833051670007,
      "solved_pct": 20.0
    }
  },
  "junior": {
    "dataset": {
      "mean": 225.68029744831412,
      "std": 48.848798168134536,
      "min": -218.40618678142644,
      "max": 301.8840619996908,
      "solved_pct": 83.62
    },
    "ppo": {
      "mean": 230.5305161461802,
      "std": 42.62485349120232,
      "min": 24.268706697310947,
      "max": 290.67754670500574,
      "solved_pct": 86.0
    },
    "dt": {
      "mean": 226.80354953906357,
      "std": 54.3081430127703,
      "min": 2.957836051809849,
      "max": 295.3357787625341,
      "solved_pct": 88.0
    }
  },
  "intermediate": {
    "dataset": {
      "mean": 235.1337834278475,
      "std": 58.299371118490484,
      "min": -63.22281376633775,
      "max": 306.12338622563794,
      "solved_pct": 91.7
    },
    "ppo": {
      "mean": 238.4493403904388,
      "std": 51.13340057951341,
      "min": -7.287962351309389,
      "max": 304.9086201586582,
      "solved_pct": 94.0
    },
    "dt": {
      "mean": 237.81092154415555,
      "std": 53.30313216631294,
      "min": -10.394330334443211,
      "max": 304.292324319665,
      "solved_pct": 94.0
    }
  },
  "expert": {
    "dataset": {
      "mean": 266.4525337709493,
      "std": 20.02682529499461,
      "min": 72.86791373211278,
      "max": 311.10293929050357,
      "solved_pct": 99.9
    },
    "ppo": {
      "mean": 268.9561433567158,
      "std": 19.416682030040636,
      "min": 232.5768885789356,
      "max": 309.9975744741977,
      "solved_pct": 100.0
    },
    "dt": {
      "mean": 266.1334142773856,
      "std": 20.002025542313973,
      "min": 220.67083210853372,
      "max": 303.7313908642838,
      "solved_pct": 100.0
    }
  }
}