{
  "best_global_step": null,
  "best_metric": null,
  "best_model_checkpoint": null,
  "epoch": 0.06666666666666667,
  "eval_steps": 500,
  "global_step": 100,
  "is_hyper_param_search": false,
  "is_local_process_zero": true,
  "is_world_process_zero": true,
  "log_history": [
    {
      "clip_ratio/high_max": 0.0,
      "clip_ratio/high_mean": 0.0,
      "clip_ratio/low_mean": 0.0,
      "clip_ratio/low_min": 0.0,
      "clip_ratio/region_mean": 0.0,
      "completions/clipped_ratio": 0.44375,
      "completions/max_length": 80.0,
      "completions/max_terminated_length": 71.5,
      "completions/mean_length": 59.175,
      "completions/mean_terminated_length": 42.656283378601074,
      "completions/min_length": 16.6,
      "completions/min_terminated_length": 16.6,
      "entropy": 2.122753707319498,
      "epoch": 0.006666666666666667,
      "frac_reward_zero_std": 0.0,
      "grad_norm": 0.15854525566101074,
      "kl": 0.001508907981315133,
      "learning_rate": 4.85e-05,
      "loss": -0.03117193877696991,
      "num_tokens": 16684.0,
      "reward": 0.42691232860088346,
      "reward_std": 0.2412904856726527,
      "rewards/reward_correctness/mean": 0.1800000064074993,
      "rewards/reward_correctness/std": 0.23383355438709258,
      "rewards/reward_vocab/mean": 0.2469123288989067,
      "rewards/reward_vocab/std": 0.04180635493248701,
      "step": 10,
      "step_time": 17.9187375399968
    },
    {
      "clip_ratio/high_max": 0.0,
      "clip_ratio/high_mean": 0.0,
      "clip_ratio/low_mean": 0.0,
      "clip_ratio/low_min": 0.0,
      "clip_ratio/region_mean": 0.0,
      "completions/clipped_ratio": 0.46875,
      "completions/max_length": 80.0,
      "completions/max_terminated_length": 72.4,
      "completions/mean_length": 60.78125,
      "completions/mean_terminated_length": 44.92380294799805,
      "completions/min_length": 19.0,
      "completions/min_terminated_length": 19.0,
      "entropy": 2.487989450618625,
      "epoch": 0.013333333333333334,
      "frac_reward_zero_std": 0.0,
      "grad_norm": 0.22727836668491364,
      "kl": 0.0016960817995823163,
      "learning_rate": 4.683333333333334e-05,
      "loss": -0.00028725955635309217,
      "num_tokens": 33601.0,
      "reward": 0.32817927449941636,
      "reward_std": 0.12844669725745916,
      "rewards/reward_correctness/mean": 0.07000000141561032,
      "rewards/reward_correctness/std": 0.1081663802266121,
      "rewards/reward_vocab/mean": 0.25817926675081254,
      "rewards/reward_vocab/std": 0.04415631052106619,
      "step": 20,
      "step_time": 18.24770344999415
    },
    {
      "clip_ratio/high_max": 0.0,
      "clip_ratio/high_mean": 0.0,
      "clip_ratio/low_mean": 0.0,
      "clip_ratio/low_min": 0.0,
      "clip_ratio/region_mean": 0.0,
      "completions/clipped_ratio": 0.43125,
      "completions/max_length": 80.0,
      "completions/max_terminated_length": 76.3,
      "completions/mean_length": 62.59375,
      "completions/mean_terminated_length": 50.50595359802246,
      "completions/min_length": 18.7,
      "completions/min_terminated_length": 18.7,
      "entropy": 2.260634619370103,
      "epoch": 0.02,
      "frac_reward_zero_std": 0.0,
      "grad_norm": 0.20696958899497986,
      "kl": 0.0018867338902055053,
      "learning_rate": 4.516666666666667e-05,
      "loss": -0.04031222462654114,
      "num_tokens": 50680.0,
      "reward": 0.3143709346652031,
      "reward_std": 0.16973466873168946,
      "rewards/reward_correctness/mean": 0.06500000022351742,
      "rewards/reward_correctness/std": 0.13659417480230332,
      "rewards/reward_vocab/mean": 0.2493709370493889,
      "rewards/reward_vocab/std": 0.05020927395671606,
      "step": 30,
      "step_time": 17.057062610010327
    },
    {
      "clip_ratio/high_max": 0.0,
      "clip_ratio/high_mean": 0.0,
      "clip_ratio/low_mean": 0.0,
      "clip_ratio/low_min": 0.0,
      "clip_ratio/region_mean": 0.0,
      "completions/clipped_ratio": 0.4125,
      "completions/max_length": 80.0,
      "completions/max_terminated_length": 75.2,
      "completions/mean_length": 60.55625,
      "completions/mean_terminated_length": 47.458966445922854,
      "completions/min_length": 19.2,
      "completions/min_terminated_length": 19.2,
      "entropy": 2.1928572610020636,
      "epoch": 0.02666666666666667,
      "frac_reward_zero_std": 0.0,
      "grad_norm": 0.17526300251483917,
      "kl": 0.0017348056872492634,
      "learning_rate": 4.35e-05,
      "loss": -0.0033814899623394014,
      "num_tokens": 67761.0,
      "reward": 0.31182222068309784,
      "reward_std": 0.1203786576166749,
      "rewards/reward_correctness/mean": 0.04500000029802322,
      "rewards/reward_correctness/std": 0.09294749498367309,
      "rewards/reward_vocab/mean": 0.26682222336530687,
      "rewards/reward_vocab/std": 0.03807908408343792,
      "step": 40,
      "step_time": 16.981653930003812
    },
    {
      "clip_ratio/high_max": 0.0,
      "clip_ratio/high_mean": 0.0,
      "clip_ratio/low_mean": 0.0,
      "clip_ratio/low_min": 0.0,
      "clip_ratio/region_mean": 0.0,
      "completions/clipped_ratio": 0.49375,
      "completions/max_length": 80.0,
      "completions/max_terminated_length": 76.4,
      "completions/mean_length": 65.0375,
      "completions/mean_terminated_length": 53.506918334960936,
      "completions/min_length": 32.3,
      "completions/min_terminated_length": 32.3,
      "entropy": 2.324462817236781,
      "epoch": 0.03333333333333333,
      "frac_reward_zero_std": 0.0,
      "grad_norm": 0.20083053410053253,
      "kl": 0.0020029165243613534,
      "learning_rate": 4.183333333333334e-05,
      "loss": 0.003110635280609131,
      "num_tokens": 85479.0,
      "reward": 0.4103488638997078,
      "reward_std": 0.211387287825346,
      "rewards/reward_correctness/mean": 0.1600000087171793,
      "rewards/reward_correctness/std": 0.1956382140517235,
      "rewards/reward_vocab/mean": 0.25034886598587036,
      "rewards/reward_vocab/std": 0.03642906881868839,
      "step": 50,
      "step_time": 17.40067069998913
    },
    {
      "clip_ratio/high_max": 0.0,
      "clip_ratio/high_mean": 0.0,
      "clip_ratio/low_mean": 0.0,
      "clip_ratio/low_min": 0.0,
      "clip_ratio/region_mean": 0.0,
      "completions/clipped_ratio": 0.49375,
      "completions/max_length": 79.4,
      "completions/max_terminated_length": 69.7,
      "completions/mean_length": 63.0125,
      "completions/mean_terminated_length": 45.98916740417481,
      "completions/min_length": 20.5,
      "completions/min_terminated_length": 20.5,
      "entropy": 2.3123121369630097,
      "epoch": 0.04,
      "frac_reward_zero_std": 0.0,
      "grad_norm": 0.23511244356632233,
      "kl": 0.0022464886129455407,
      "learning_rate": 4.016666666666667e-05,
      "loss": -0.05473445057868957,
      "num_tokens": 102609.0,
      "reward": 0.39241511225700376,
      "reward_std": 0.22261214144527913,
      "rewards/reward_correctness/mean": 0.1450000051409006,
      "rewards/reward_correctness/std": 0.2103257492184639,
      "rewards/reward_vocab/mean": 0.2474151149392128,
      "rewards/reward_vocab/std": 0.03503211606293917,
      "step": 60,
      "step_time": 15.955713590008964
    },
    {
      "clip_ratio/high_max": 0.0,
      "clip_ratio/high_mean": 0.0,
      "clip_ratio/low_mean": 0.0,
      "clip_ratio/low_min": 0.0,
      "clip_ratio/region_mean": 0.0,
      "completions/clipped_ratio": 0.61875,
      "completions/max_length": 80.0,
      "completions/max_terminated_length": 73.0,
      "completions/mean_length": 67.575,
      "completions/mean_terminated_length": 50.613969802856445,
      "completions/min_length": 27.7,
      "completions/min_terminated_length": 27.7,
      "entropy": 2.3062744665890933,
      "epoch": 0.04666666666666667,
      "frac_reward_zero_std": 0.0,
      "grad_norm": 0.20043696463108063,
      "kl": 0.002917758471448906,
      "learning_rate": 3.85e-05,
      "loss": 0.013285300135612488,