{
  "best_global_step": null,
  "best_metric": null,
  "best_model_checkpoint": null,
  "epoch": 0.06666666666666667,
  "eval_steps": 500,
  "global_step": 100,
  "is_hyper_param_search": false,
  "is_local_process_zero": true,
  "is_world_process_zero": true,
  "log_history": [
    {
      "clip_ratio/high_max": 0.0,
      "clip_ratio/high_mean": 0.0,
      "clip_ratio/low_mean": 0.0,
      "clip_ratio/low_min": 0.0,
      "clip_ratio/region_mean": 0.0,
      "completions/clipped_ratio": 0.38125,
      "completions/max_length": 80.0,
      "completions/max_terminated_length": 77.5,
      "completions/mean_length": 58.6375,
      "completions/mean_terminated_length": 45.93871879577637,
      "completions/min_length": 17.1,
      "completions/min_terminated_length": 17.1,
      "entropy": 2.0955126084387303,
      "epoch": 0.006666666666666667,
      "frac_reward_zero_std": 0.5,
      "grad_norm": 0.19401131570339203,
      "kl": 0.001414386384840327,
      "learning_rate": 4.85e-05,
      "loss": 0.015097634494304657,
      "num_tokens": 16598.0,
      "reward": 0.2357165925204754,
      "reward_std": 0.31097259521484377,
      "rewards/reward_correctness/mean": 0.18000000044703485,
      "rewards/reward_correctness/std": 0.2384333610534668,
      "rewards/reward_vocab/mean": 0.05571659868583083,
      "rewards/reward_vocab/std": 0.07351835258305073,
      "step": 10,
      "step_time": 17.57390479000751
    },
    {
      "clip_ratio/high_max": 0.0,
      "clip_ratio/high_mean": 0.0,
      "clip_ratio/low_mean": 0.0,
      "clip_ratio/low_min": 0.0,
      "clip_ratio/region_mean": 0.0,
      "completions/clipped_ratio": 0.49375,
      "completions/max_length": 80.0,
      "completions/max_terminated_length": 71.7,
      "completions/mean_length": 61.5625,
      "completions/mean_terminated_length": 45.866200637817386,
      "completions/min_length": 20.0,
      "completions/min_terminated_length": 20.0,
      "entropy": 2.443747363984585,
      "epoch": 0.013333333333333334,
      "frac_reward_zero_std": 0.8,
      "grad_norm": 0.13957719504833221,
      "kl": 0.001634295782469053,
      "learning_rate": 4.683333333333334e-05,
      "loss": -0.013522231578826904,
      "num_tokens": 33640.0,
      "reward": 0.08818428441882134,
      "reward_std": 0.12023144662380218,
      "rewards/reward_correctness/mean": 0.07000000141561032,
      "rewards/reward_correctness/std": 0.09549158364534378,
      "rewards/reward_vocab/mean": 0.01818428300321102,
      "rewards/reward_vocab/std": 0.028649917989969253,
      "step": 20,
      "step_time": 17.581594959972428
    },
    {
      "clip_ratio/high_max": 0.0,
      "clip_ratio/high_mean": 0.0,
      "clip_ratio/low_mean": 0.0,
      "clip_ratio/low_min": 0.0,
      "clip_ratio/region_mean": 0.0,
      "completions/clipped_ratio": 0.425,
      "completions/max_length": 80.0,
      "completions/max_terminated_length": 71.2,
      "completions/mean_length": 60.56875,
      "completions/mean_terminated_length": 47.39745101928711,
      "completions/min_length": 17.5,
      "completions/min_terminated_length": 17.5,
      "entropy": 2.2384352143853903,
      "epoch": 0.02,
      "frac_reward_zero_std": 0.75,
      "grad_norm": 0.11432787030935287,
      "kl": 0.0016296240073643276,
      "learning_rate": 4.516666666666667e-05,
      "loss": -0.000295460969209671,
      "num_tokens": 50395.0,
      "reward": 0.0974753439426422,
      "reward_std": 0.18939864933490752,
      "rewards/reward_correctness/mean": 0.07500000149011612,
      "rewards/reward_correctness/std": 0.14562229216098785,
      "rewards/reward_vocab/mean": 0.02247534366324544,
      "rewards/reward_vocab/std": 0.044006844982504845,
      "step": 30,
      "step_time": 19.3276163000206
    },
    {
      "clip_ratio/high_max": 0.0,
      "clip_ratio/high_mean": 0.0,
      "clip_ratio/low_mean": 0.0,
      "clip_ratio/low_min": 0.0,
      "clip_ratio/region_mean": 0.0,
      "completions/clipped_ratio": 0.39375,
      "completions/max_length": 80.0,
      "completions/max_terminated_length": 73.4,
      "completions/mean_length": 59.2,
      "completions/mean_terminated_length": 46.807227325439456,
      "completions/min_length": 19.8,
      "completions/min_terminated_length": 19.8,
      "entropy": 2.2001046407967806,
      "epoch": 0.02666666666666667,
      "frac_reward_zero_std": 0.8,
      "grad_norm": 0.11126529425382614,
      "kl": 0.0017293208232786127,
      "learning_rate": 4.35e-05,
      "loss": -0.0008922877721488475,
      "num_tokens": 67259.0,
      "reward": 0.07189365141093731,
      "reward_std": 0.15359825193881987,
      "rewards/reward_correctness/mean": 0.05500000081956387,
      "rewards/reward_correctness/std": 0.11787132173776627,
      "rewards/reward_vocab/mean": 0.016893652733415365,
      "rewards/reward_vocab/std": 0.03603009134531021,
      "step": 40,
      "step_time": 18.44431021999917
    },
    {
      "clip_ratio/high_max": 0.0,
      "clip_ratio/high_mean": 0.0,
      "clip_ratio/low_mean": 0.0,
      "clip_ratio/low_min": 0.0,
      "clip_ratio/region_mean": 0.0,
      "completions/clipped_ratio": 0.525,
      "completions/max_length": 80.0,
      "completions/max_terminated_length": 75.6,
      "completions/mean_length": 66.0,
      "completions/mean_terminated_length": 53.96452445983887,
      "completions/min_length": 35.0,
      "completions/min_terminated_length": 35.0,
      "entropy": 2.3137992545962334,
      "epoch": 0.03333333333333333,
      "frac_reward_zero_std": 0.6,
      "grad_norm": 0.12006364017724991,
      "kl": 0.0019345382730534765,
      "learning_rate": 4.183333333333334e-05,
      "loss": -0.02332880347967148,
      "num_tokens": 85131.0,
      "reward": 0.20041287317872047,
      "reward_std": 0.21118596196174622,
      "rewards/reward_correctness/mean": 0.15500000081956386,
      "rewards/reward_correctness/std": 0.16098780632019044,
      "rewards/reward_vocab/mean": 0.04541288185864687,
      "rewards/reward_vocab/std": 0.05073649249970913,
      "step": 50,
      "step_time": 17.907788150024135
    },
    {
      "clip_ratio/high_max": 0.0,
      "clip_ratio/high_mean": 0.0,
      "clip_ratio/low_mean": 0.0,
      "clip_ratio/low_min": 0.0,
      "clip_ratio/region_mean": 0.0,
      "completions/clipped_ratio": 0.49375,
      "completions/max_length": 80.0,
      "completions/max_terminated_length": 70.4,
      "completions/mean_length": 60.925,
      "completions/mean_terminated_length": 44.32907333374023,
      "completions/min_length": 19.3,
      "completions/min_terminated_length": 19.3,
      "entropy": 2.2951490096747875,
      "epoch": 0.04,
      "frac_reward_zero_std": 0.7,
      "grad_norm": 0.002181889256462455,
      "kl": 0.0020519696121482412,
      "learning_rate": 4.016666666666667e-05,
      "loss": 0.028911793231964113,
      "num_tokens": 101927.0,
      "reward": 0.18625553846359252,
      "reward_std": 0.278020566701889,
      "rewards/reward_correctness/mean": 0.14500000402331353,
      "rewards/reward_correctness/std": 0.21594803929328918,
      "rewards/reward_vocab/mean": 0.04125553965568542,
      "rewards/reward_vocab/std": 0.062397760897874834,
      "step": 60,
      "step_time": 17.209099609969417
    },
    {
      "clip_ratio/high_max": 0.0,
      "clip_ratio/high_mean": 0.0,
      "clip_ratio/low_mean": 0.0,
      "clip_ratio/low_min": 0.0,
      "clip_ratio/region_mean": 0.0,
      "completions/clipped_ratio": 0.48125,
      "completions/max_length": 80.0,
      "completions/max_terminated_length": 71.2,
      "completions/mean_length": 64.9,
      "completions/mean_terminated_length": 53.27982139587402,
      "completions/min_length": 30.2,
      "completions/min_terminated_length": 30.2,
      "entropy": 2.225556055083871,
      "epoch": 0.04666666666666667,
      "frac_reward_zero_std": 0.6,
      "grad_norm": 0.1299220621585846,
      "kl": 0.0021160679378226634,
      "learning_rate": 3.85e-05,
      "loss": 0.02486029118299484,