{
  "best_global_step": null,
  "best_metric": null,
  "best_model_checkpoint": null,
  "epoch": 0.06666666666666667,
  "eval_steps": 500,
  "global_step": 100,
  "is_hyper_param_search": false,
  "is_local_process_zero": true,
  "is_world_process_zero": true,
  "log_history": [
    {
      "clip_ratio/high_max": 0.0,
      "clip_ratio/high_mean": 0.0,
      "clip_ratio/low_mean": 0.0,
      "clip_ratio/low_min": 0.0,
      "clip_ratio/region_mean": 0.0,
      "completions/clipped_ratio": 0.45625,
      "completions/max_length": 80.0,
      "completions/max_terminated_length": 71.1,
      "completions/mean_length": 60.2625,
      "completions/mean_terminated_length": 44.48406715393067,
      "completions/min_length": 20.5,
      "completions/min_terminated_length": 20.5,
      "entropy": 2.1249326027929785,
      "epoch": 0.006666666666666667,
      "frac_reward_zero_std": 0.0,
      "grad_norm": 0.19780059158802032,
      "kl": 0.0014518543323902122,
      "learning_rate": 4.85e-05,
      "loss": 0.013586756587028504,
      "num_tokens": 16858.0,
      "reward": 0.4459660679101944,
      "reward_std": 0.2606944922357798,
      "rewards/reward_correctness/mean": 0.19500000812113286,
      "rewards/reward_correctness/std": 0.2594414219260216,
      "rewards/reward_vocab/mean": 0.25096606463193893,
      "rewards/reward_vocab/std": 0.036339943297207355,
      "step": 10,
      "step_time": 17.67077956000867
    },
    {
      "clip_ratio/high_max": 0.0,
      "clip_ratio/high_mean": 0.0,
      "clip_ratio/low_mean": 0.0,
      "clip_ratio/low_min": 0.0,
      "clip_ratio/region_mean": 0.0,
      "completions/clipped_ratio": 0.5125,
      "completions/max_length": 80.0,
      "completions/max_terminated_length": 74.7,
      "completions/mean_length": 63.25625,
      "completions/mean_terminated_length": 47.24017601013183,
      "completions/min_length": 21.9,
      "completions/min_terminated_length": 21.9,
      "entropy": 2.4562293026596307,
      "epoch": 0.013333333333333334,
      "frac_reward_zero_std": 0.0,
      "grad_norm": 0.1822677105665207,
      "kl": 0.0016674111514475953,
      "learning_rate": 4.683333333333334e-05,
      "loss": -0.009718741476535796,
      "num_tokens": 34171.0,
      "reward": 0.3208355024456978,
      "reward_std": 0.12055423893034459,
      "rewards/reward_correctness/mean": 0.06500000022351742,
      "rewards/reward_correctness/std": 0.09685633927583695,
      "rewards/reward_vocab/mean": 0.255835497379303,
      "rewards/reward_vocab/std": 0.0438754566013813,
      "step": 20,
      "step_time": 16.89413633001095
    },
    {
      "clip_ratio/high_max": 0.0,
      "clip_ratio/high_mean": 0.0,
      "clip_ratio/low_mean": 0.0,
      "clip_ratio/low_min": 0.0,
      "clip_ratio/region_mean": 0.0,
      "completions/clipped_ratio": 0.39375,
      "completions/max_length": 80.0,
      "completions/max_terminated_length": 71.9,
      "completions/mean_length": 59.1875,
      "completions/mean_terminated_length": 45.75256500244141,
      "completions/min_length": 15.3,
      "completions/min_terminated_length": 15.3,
      "entropy": 2.2787291783839465,
      "epoch": 0.02,
      "frac_reward_zero_std": 0.0,
      "grad_norm": 0.2358396053314209,
      "kl": 0.0016411775846790987,
      "learning_rate": 4.516666666666667e-05,
      "loss": -0.03941623568534851,
      "num_tokens": 50705.0,
      "reward": 0.31388978362083436,
      "reward_std": 0.1567658454179764,
      "rewards/reward_correctness/mean": 0.06500000134110451,
      "rewards/reward_correctness/std": 0.11829708814620972,
      "rewards/reward_vocab/mean": 0.24888978004455567,
      "rewards/reward_vocab/std": 0.054598760604858396,
      "step": 30,
      "step_time": 16.686949649994496
    },
    {
      "clip_ratio/high_max": 0.0,
      "clip_ratio/high_mean": 0.0,
      "clip_ratio/low_mean": 0.0,
      "clip_ratio/low_min": 0.0,
      "clip_ratio/region_mean": 0.0,
      "completions/clipped_ratio": 0.4125,
      "completions/max_length": 80.0,
      "completions/max_terminated_length": 71.5,
      "completions/mean_length": 58.8125,
      "completions/mean_terminated_length": 44.0218692779541,
      "completions/min_length": 19.9,
      "completions/min_terminated_length": 19.9,
      "entropy": 2.174542110040784,
      "epoch": 0.02666666666666667,
      "frac_reward_zero_std": 0.0,
      "grad_norm": 0.16650846600532532,
      "kl": 0.0016921165984058462,
      "learning_rate": 4.35e-05,
      "loss": 0.015572383999824524,
      "num_tokens": 67507.0,
      "reward": 0.3165408343076706,
      "reward_std": 0.1383872043341398,
      "rewards/reward_correctness/mean": 0.05000000037252903,
      "rewards/reward_correctness/std": 0.11294749528169631,
      "rewards/reward_vocab/mean": 0.26654083728790284,
      "rewards/reward_vocab/std": 0.0381567420437932,
      "step": 40,
      "step_time": 16.47861371000472
    },
    {
      "clip_ratio/high_max": 0.0,
      "clip_ratio/high_mean": 0.0,
      "clip_ratio/low_mean": 0.0,
      "clip_ratio/low_min": 0.0,
      "clip_ratio/region_mean": 0.0,
      "completions/clipped_ratio": 0.525,
      "completions/max_length": 80.0,
      "completions/max_terminated_length": 71.8,
      "completions/mean_length": 64.4,
      "completions/mean_terminated_length": 50.63812026977539,
      "completions/min_length": 33.5,
      "completions/min_terminated_length": 33.5,
      "entropy": 2.2856316052377226,
      "epoch": 0.03333333333333333,
      "frac_reward_zero_std": 0.0,
      "grad_norm": 0.21263712644577026,
      "kl": 0.0020495085085713073,
      "learning_rate": 4.183333333333334e-05,
      "loss": 0.0002694405615329742,
      "num_tokens": 85123.0,
      "reward": 0.39924191385507585,
      "reward_std": 0.1969448771327734,
      "rewards/reward_correctness/mean": 0.15000000670552255,
      "rewards/reward_correctness/std": 0.17787132263183594,
      "rewards/reward_vocab/mean": 0.24924191385507583,
      "rewards/reward_vocab/std": 0.037278311885893346,
      "step": 50,
      "step_time": 16.60970269000536
    },
    {
      "clip_ratio/high_max": 0.0,
      "clip_ratio/high_mean": 0.0,
      "clip_ratio/low_mean": 0.0,
      "clip_ratio/low_min": 0.0,
      "clip_ratio/region_mean": 0.0,
      "completions/clipped_ratio": 0.53125,
      "completions/max_length": 80.0,
      "completions/max_terminated_length": 69.3,
      "completions/mean_length": 63.79375,
      "completions/mean_terminated_length": 48.285953521728516,
      "completions/min_length": 27.9,
      "completions/min_terminated_length": 27.9,
      "entropy": 2.259252631291747,
      "epoch": 0.04,
      "frac_reward_zero_std": 0.0,
      "grad_norm": 0.20215000212192535,
      "kl": 0.002260334262427932,
      "learning_rate": 4.016666666666667e-05,
      "loss": -0.005722760409116745,
      "num_tokens": 102378.0,
      "reward": 0.4205321729183197,
      "reward_std": 0.2590870728716254,
      "rewards/reward_correctness/mean": 0.1750000063329935,
      "rewards/reward_correctness/std": 0.25032574981451033,
      "rewards/reward_vocab/mean": 0.24553217589855195,
      "rewards/reward_vocab/std": 0.03531746007502079,
      "step": 60,
      "step_time": 17.592107270011912
    },
    {
      "clip_ratio/high_max": 0.0,
      "clip_ratio/high_mean": 0.0,
      "clip_ratio/low_mean": 0.0,
      "clip_ratio/low_min": 0.0,
      "clip_ratio/region_mean": 0.0,
      "completions/clipped_ratio": 0.53125,
      "completions/max_length": 80.0,
      "completions/max_terminated_length": 69.8,
      "completions/mean_length": 64.48125,
      "completions/mean_terminated_length": 48.926469039916995,
      "completions/min_length": 27.1,
      "completions/min_terminated_length": 27.1,
      "entropy": 2.22800074853003,
      "epoch": 0.04666666666666667,
      "frac_reward_zero_std": 0.0,
      "grad_norm": 0.18975532054901123,
      "kl": 0.002715299677947769,
      "learning_rate": 3.85e-05,
      "loss": 0.009378096461296082,